frame,cpu_us,gpu_us,total_us,draw_calls,visible_instances
0,5550.82,24.576,5575.4,5,3
1,5848.14,24.96,5873.1,5,3
2,5390.74,21.76,5412.5,5,3
3,7097.72,13.984,7111.7,5,3
4,4084.67,21.632,4106.3,5,3
5,6062.25,14.752,6077,5,3
6,6622.97,14.528,6637.5,5,3
7,5489.78,14.624,5504.4,5,3
8,6135.12,14.784,6149.9,5,3
9,6383.1,21.504,6404.6,5,3
10,5626.25,13.952,5640.2,5,3
11,6062.45,14.048,6076.5,5,3
12,6058.05,14.848,6072.9,5,3
13,6371.55,14.752,6386.3,5,3
14,6039.12,14.88,6054,5,3
15,6446.87,14.432,6461.3,5,3
16,6301.13,21.472,6322.6,5,3
17,5560.32,14.08,5574.4,5,3
18,6020.16,14.24,6034.4,5,3
19,5998.29,14.112,6012.4,5,3
20,6220.65,21.152,6241.8,5,3
21,5882.62,14.08,5896.7,5,3
22,6505.11,14.688,6519.8,5,3
23,8187.96,14.24,8202.2,5,3
24,3503.81,14.592,3518.4,5,3
25,6120.13,14.272,6134.4,5,3
26,7726.22,14.08,7740.3,5,3
27,4373.3,14.496,4387.8,5,3
28,6080.96,14.24,6095.2,5,3
29,7897.31,16.288,7913.6,5,3
30,4128.95,23.552,4152.5,5,3
31,6003.05,13.952,6017,5,3
32,6004.8,14.496,6019.3,5,3
33,6149.9,14.496,6164.4,5,3
34,5957.83,14.368,5972.2,5,3
35,6070.15,14.752,6084.9,5,3
36,6559.08,22.016,6581.1,5,3
37,5411.08,14.624,5425.7,5,3
38,6132.82,14.784,6147.6,5,3
39,5972.49,14.208,5986.7,5,3
40,6250.5,21.6,6272.1,5,3
41,5834.5,14.496,5849,5,3
42,6723.67,21.632,6745.3,5,3
43,5268.27,14.528,5282.8,5,3
44,6150.84,14.464,6165.3,5,3
45,6016.65,14.752,6031.4,5,3
46,6014.36,14.336,6028.7,5,3
47,6065.36,14.944,6080.3,5,3
48,6009.02,14.784,6023.8,5,3
49,6415.67,20.832,6436.5,5,3
50,5604.64,14.56,5619.2,5,3
51,6046.18,14.816,6061,5,3
52,7205.86,14.336,7220.2,5,3
53,4875.03,14.368,4889.4,5,3
54,6071.63,14.368,6086,5,3
55,6150.62,14.08,6164.7,5,3
56,6367.78,22.016,6389.8,5,3
57,5582.55,13.952,5596.5,5,3
58,6425.08,14.72,6439.8,5,3
59,5610.03,20.768,5630.8,5,3
60,5963.75,14.048,5977.8,5,3
61,6057.24,14.56,6071.8,5,3
62,6058.29,14.112,6072.4,5,3
63,6652.06,23.136,6675.2,5,3
64,5559.31,13.888,5573.2,5,3
65,6011.9,16,6027.9,5,3
66,6523.82,15.776,6539.6,5,3
67,6169.61,25.088,6194.7,5,3
68,4944.76,14.144,4958.9,5,3
69,6475.16,21.536,6496.7,5,3
70,5638,14.4,5652.4,5,3
71,6077.02,14.784,6091.8,5,3
72,5984.58,14.816,5999.4,5,3
73,6011.99,14.112,6026.1,5,3
74,6084.12,14.88,6099,5,3
75,7471.74,14.656,7486.4,5,3
76,4926.49,21.312,4947.8,5,3
77,5489.74,16.256,5506,5,3
78,6846.83,14.368,6861.2,5,3
79,5168.34,14.656,5183,5,3
80,6065.16,18.144,6083.3,5,3
81,6140.72,14.88,6155.6,5,3
82,5935.76,14.24,5950,5,3
83,6573.53,23.072,6596.6,5,3
84,5454.9,14.304,5469.2,5,3
85,6198.87,28.128,6227,5,3
86,5826.07,14.528,5840.6,5,3
87,6045.91,14.688,6060.6,5,3
88,6115.08,14.72,6129.8,5,3
89,6376.25,13.952,6390.2,5,3
90,6400.19,21.408,6421.6,5,3
91,5508.52,14.08,5522.6,5,3
92,6111.81,14.592,6126.4,5,3
93,6028.6,14.304,6042.9,5,3
94,6009.36,14.24,6023.6,5,3
95,6102.42,14.784,6117.2,5,3
96,6001.1,14.496,6015.6,5,3
97,5993.7,14.496,6008.2,5,3
98,7606.79,14.112,7620.9,5,3
99,4485.79,14.912,4500.7,5,3
100,308.584,14.016,322.6,5,3
101,5484.93,14.272,5499.2,5,3
102,4258.29,14.112,4272.4,5,3
103,6170.85,14.848,6185.7,5,3
104,6060.76,14.144,6074.9,5,3
105,6121.84,14.464,6136.3,5,3
106,6131.87,14.432,6146.3,5,3
107,5828.88,14.72,5843.6,5,3
108,6077.84,14.56,6092.4,5,3
109,6184.76,15.04,6199.8,5,3
110,5865.6,14.304,5879.9,5,3
111,6046.46,14.336,6060.8,5,3
112,6373.54,14.656,6388.2,5,3
113,5725.01,14.688,5739.7,5,3
114,6187.2,21.6,6208.8,5,3
115,6003.76,14.144,6017.9,5,3
116,5901.65,13.952,5915.6,5,3
117,6089.35,14.752,6104.1,5,3
118,5978.65,14.048,5992.7,5,3
119,6044.85,14.848,6059.7,5,3
120,6393.29,14.112,6407.4,5,3
121,8163.13,14.368,8177.5,5,3
122,3898.02,14.176,3912.2,5,3
123,6559.72,13.984,6573.7,5,3
124,7303.29,15.008,7318.3,5,3
125,4954.16,21.344,4975.5,5,3
126,5781.68,14.624,5796.3,5,3
127,6045.24,14.56,6059.8,5,3
128,6034.48,14.816,6049.3,5,3
129,6073.52,13.984,6087.5,5,3
130,6067.44,14.464,6081.9,5,3
131,5998.1,14.304,6012.4,5,3
132,6163.96,14.336,6178.3,5,3
133,5965.06,14.336,5979.4,5,3
134,6020.73,14.272,6035,5,3
135,6152.93,21.472,6174.4,5,3
136,5868.9,14.4,5883.3,5,3
137,6041.2,14.496,6055.7,5,3
138,6487.36,14.144,6501.5,5,3
139,6666.37,14.432,6680.8,5,3
140,5444.8,14.304,5459.1,5,3
141,5970.63,14.368,5985,5,3
142,6083.56,14.944,6098.5,5,3
143,6147.05,14.752,6161.8,5,3
144,6204.64,23.36,6228,5,3
145,5763.98,15.52,5779.5,5,3
146,6116.34,18.464,6134.8,5,3
147,6884.98,14.816,6899.8,5,3
148,4609.39,14.208,4623.6,5,3
149,6023.31,14.592,6037.9,5,3
150,6457.73,14.368,6472.1,5,3
151,5675.82,14.176,5690,5,3
152,6075.5,14.304,6089.8,5,3
153,6212.15,22.048,6234.2,5,3
154,5818.7,14.496,5833.2,5,3
155,6088.63,16.672,6105.3,5,3
156,7084.08,17.024,7101.1,5,3
157,5409.61,18.592,5428.2,5,3
158,6036.3,17.504,6053.8,5,3
159,5986.19,15.008,6001.2,5,3
160,6029.87,14.432,6044.3,5,3
161,6125.43,14.368,6139.8,5,3
162,6050.54,16.256,6066.8,5,3
163,6285.1,14.304,6299.4,5,3
164,6477.15,21.952,6499.1,5,3
165,5572.68,14.816,5587.5,5,3
166,6056.67,14.528,6071.2,5,3
167,8358.09,14.112,8372.2,5,3
168,3674.22,14.88,3689.1,5,3
169,6015.29,14.912,6030.2,5,3
170,7710.37,14.432,7724.8,5,3
171,4370.41,14.688,4385.1,5,3
172,6100.78,14.624,6115.4,5,3
173,8054.6,17.696,8072.3,5,3
174,3283.16,14.336,3297.5,5,3
175,6071.51,14.688,6086.2,5,3
176,6019.56,16.64,6036.2,5,3
177,6083.86,14.24,6098.1,5,3
178,6127.21,14.688,6141.9,5,3
179,7297.38,14.816,7312.2,5,3
180,5241.6,14.304,5255.9,5,3
181,6497.39,14.912,6512.3,5,3
182,6212.17,20.928,6233.1,5,3
183,5647.48,14.624,5662.1,5,3
184,5863.74,13.856,5877.6,5,3
185,6148.7,14.304,6163,5,3
186,6062.58,16.224,6078.8,5,3
187,6191.3,14.496,6205.8,5,3
188,6117.46,14.336,6131.8,5,3
189,6042.22,14.784,6057,5,3
190,6158.73,14.368,6173.1,5,3
191,6388.86,22.24,6411.1,5,3
192,5645.33,19.168,5664.5,5,3
193,8064.8,22.304,8087.1,5,3
194,3068.67,14.432,3083.1,5,3
195,6039.57,14.528,6054.1,5,3
196,7297.61,14.688,7312.3,5,3
197,4806.25,14.848,4821.1,5,3
198,6383.94,27.456,6411.4,5,3
199,5614.35,14.848,5629.2,5,3

CPU_us_summary,avg,min,max,p1,p99,stddev
CPU,5993.27,308.584,8358.09,3068.67,8163.13,873.922

GPU_us_summary,avg,min,max,p1,p99,stddev
GPU,15.912,13.856,28.128,13.888,25.088,3.01854

Total_us_summary,avg,min,max,p1,p99,stddev
Total,6009.18,322.6,8372.2,3083.1,8177.5,874.122
