frame,cpu_record_us,cpu_wait_us,gpu_exec_us,frame_wall_us,draw_calls,visible_instances
0,400.6,6040,242.88,6450.5,679,407
1,420.8,6088.5,243.008,6512,679,407
2,316.2,6034.3,243.36,6352.8,679,407
3,392.4,5968.4,243.008,6362.9,679,407
4,713.8,6062,241.888,6777.7,679,407
5,483,5623.7,243.36,6108.7,679,407
6,290.6,5923,242.56,6215.1,679,407
7,339,6133.6,243.488,6474.1,679,407
8,368.6,5790.1,242.752,6160.2,679,407
9,349.9,6149.5,243.808,6500.7,679,407
10,310.9,6069.5,242.848,6381.8,679,407
11,335.8,6074.3,243.552,6411.4,679,407
12,329.2,6149.9,243.424,6480.7,679,407
13,473.5,6133.6,243.264,6608.9,679,407
14,461.5,5795.6,242.88,6259.7,679,407
15,355.3,5987,243.52,6343.9,679,407
16,316.6,6004.8,243.104,6322.7,679,407
17,406.5,6059.4,243.136,6467.4,679,407
18,274.5,5850.7,242.624,6126.8,679,407
19,324,6200.5,243.616,6526,679,407
20,311.2,6061.2,242.88,6373.9,679,407
21,300.1,6096.7,243.072,6398.3,679,407
22,343.5,6184.8,242.88,6529.6,679,407
23,399.8,5850.5,243.456,6251.8,679,407
24,336.9,6027.3,243.456,6365.6,679,407
25,424.3,5579.4,243.36,6005.7,679,407
26,286.2,6201.4,242.816,6489,679,407
27,387.1,6018,242.816,6406.7,679,407
28,355.1,6095.7,243.008,6452.5,679,407
29,346.2,6071.9,242.56,6419.5,679,407
30,306.9,5967.3,242.72,6276.9,679,407
31,332.7,6073.5,243.872,6407.7,679,407
32,443.5,6112.5,243.136,6557.5,679,407
33,358.8,5898.1,243.04,6259.9,679,407
34,431.7,5929.6,242.656,6362.8,679,407
35,341.3,6144.3,243.488,6487.2,679,407
36,427.4,5947.5,242.688,6376.7,679,407
37,402.4,6057.3,243.296,6461.3,679,407
38,357.9,5850.2,242.368,6209.7,679,407
39,397.5,5987.3,243.2,6386.3,679,407
40,253.4,6122.7,242.272,6377.6,679,407
41,388.3,6144.3,243.104,6534,679,407
42,365.9,5940.8,243.2,6309.2,679,407
43,419.2,6073.6,243.52,6494.5,679,407
44,435.2,5938.5,242.944,6376.1,679,407
45,445.6,5707.1,243.168,6154.3,679,407
46,380.5,5997.7,242.496,6379.8,679,407
47,417.3,6042.9,242.272,6462.3,679,407
48,313.7,5935.8,242.976,6251.7,679,407
49,327.5,6060.5,243.712,6389.9,679,407
50,345,6000.6,242.528,6347.3,679,407
51,302.9,6070.1,242.944,6374.6,679,407
52,297.7,6089.5,242.08,6388.7,679,407
53,275.5,6049.4,242.176,6326.5,679,407
54,368.9,6094.6,242.464,6465.4,679,407
55,255.8,6080.8,242.784,6338,679,407
56,388.4,5759,243.392,6149,679,407
57,286.3,5977.2,243.232,6264.8,679,407
58,311.7,6063.7,242.848,6377.3,679,407
59,346.3,6132.5,243.264,6480.2,679,407
60,385.9,6114.1,243.392,6502.2,679,407
61,354.4,5940.6,243.168,6296.9,679,407
62,386.8,6124.8,243.2,6513.6,679,407
63,331.1,5899,242.944,6231.7,679,407
64,366.9,5963.3,242.592,6331.4,679,407
65,348.3,6075.4,242.656,6424.8,679,407
66,429,6364.2,242.432,6794.8,679,407
67,278.7,5785.5,242.176,6066.5,679,407
68,284.5,6159.9,242.88,6445.9,679,407
69,365.4,6047.8,243.392,6414.6,679,407
70,285.3,6136.2,242.752,6422.8,679,407
71,252.4,6023.2,243.072,6276.9,679,407
72,334.1,6156.2,242.208,6491.7,679,407
73,382.5,5978.1,243.296,6362.4,679,407
74,321.5,6019.3,242.752,6342.4,679,407
75,404.3,5973.4,242.144,6378.9,679,407
76,434.9,6034.4,241.792,6470.7,679,407
77,365.7,5840.4,243.04,6207.5,679,407
78,334.6,6163.2,242.944,6499.4,679,407
79,320.5,6027.7,242.208,6350.3,679,407
80,355.9,5965.8,242.848,6323.1,679,407
81,362.2,6117.3,243.04,6481,679,407
82,258.1,6094.1,242.816,6353.7,679,407
83,283.1,6177.1,243.168,6461.8,679,407
84,498.1,5992.7,242.656,6492.2,679,407
85,365.7,5938.3,242.784,6305.9,679,407
86,266,6139.3,243.264,6406.9,679,407
87,369.5,6054.4,242.368,6425.1,679,407
88,302.1,6120.2,242.752,6423.7,679,407
89,415.1,6036.3,242.752,6453,679,407
90,389.8,5979.7,243.2,6371.7,679,407
91,263.1,6196.6,243.264,6462.1,679,407
92,412,5771,243.904,6185.7,679,407
93,363.1,5915.8,242.176,6280.8,679,407
94,373,5987.7,242.592,6362.6,679,407
95,512,6012.3,243.392,6526.5,679,407
96,368.2,5787.2,242.528,6158.3,679,407
97,437.2,6066.5,242.944,6506,679,407
98,450.1,5884.6,242.816,6336.5,679,407
99,351.1,6234.4,242.752,6588.2,679,407
100,437.5,5788.9,243.968,6228.5,679,407
101,528.6,5824.9,242.784,6356.4,679,407
102,340.4,5942.5,242.72,6286,679,407
103,398.7,5998,242.72,6399.8,679,407
104,423.5,5898.8,242.592,6324.6,679,407
105,433,5880.2,243.168,6315.4,679,407
106,342.6,5925.3,242.88,6270.9,679,407
107,419.2,6024.2,242.496,6446.3,679,407
108,356.4,6085.2,242.56,6443.7,679,407
109,435.4,5994.8,243.168,6433.3,679,407
110,345,5800.6,242.432,6147.7,679,407
111,367.4,6150.6,244.096,6520.9,679,407
112,363,5956.6,242.272,6323,679,407
113,364.3,5991.3,242.208,6357.9,679,407
114,366.2,5963.2,242.624,6332.8,679,407
115,339,5782.4,242.528,6123.6,679,407
116,345.4,6156.3,242.88,6503.4,679,407
117,373.4,5967.7,243.072,6342.9,679,407
118,441.6,6179.7,242.496,6626,679,407
119,313.4,5692,243.2,6009.1,679,407
120,426.6,5974.1,242.336,6403,679,407
121,445.2,5870.8,242.304,6318,679,407
122,417.2,6246.9,242.176,6665.8,679,407
123,474.9,5847,241.984,6324,679,407
124,446.4,5945.6,242.08,6394.5,679,407
125,418,5726.1,243.04,6146.6,679,407
126,418.7,5781.8,242.496,6202.4,679,407
127,444.8,5947.8,242.336,6394.5,679,407
128,467.1,6011.6,242.816,6480.5,679,407
129,411.8,5866,243.296,6279.5,679,407
130,343.4,6028.2,242.688,6373.5,679,407
131,413.5,5939.1,243.712,6354.9,679,407
132,460.2,5863.1,242.944,6325.6,679,407
133,439.8,5803.6,243.328,6245.8,679,407
134,457.2,5933.9,243.104,6394,679,407
135,593.2,6142.1,242.304,6738.9,679,407
136,485.8,5549.3,242.208,6037.5,679,407
137,390.1,5930.4,242.688,6323,679,407
138,422.8,5870.9,242.336,6295.5,679,407
139,426.8,6139.9,243.136,6568.9,679,407
140,331.5,5837.1,243.296,6170.6,679,407
141,466.3,6042.9,243.488,6511.2,679,407
142,423.3,5858.6,242.976,6283.6,679,407
143,548,5951.8,242.496,6501.7,679,407
144,451.4,5762.6,242.976,6216.1,679,407
145,434.2,5907.7,242.656,6344,679,407
146,363.5,5809.5,242.816,6175,679,407
147,478.7,6045.8,243.264,6526.3,679,407
148,479.1,6061.6,243.168,6543.3,679,407
149,343,5795.9,242.72,6140.6,679,407
150,382.7,6082.3,243.008,6467.4,679,407
151,348.4,5956.8,243.84,6307.4,679,407
152,376.4,6035.9,243.168,6414.4,679,407
153,389.9,6095.6,242.56,6487.3,679,407
154,547.2,5929.4,242.912,6479.1,679,407
155,525.3,5848.6,242.816,6375.7,679,407
156,325.4,5846.2,243.136,6174,679,407
157,388.2,5865.4,243.008,6255.3,679,407
158,389,6066.1,242.656,6457.2,679,407
159,380.3,6022.1,244.128,6404.7,679,407
160,332.9,6028.2,242.848,6363.1,679,407
161,374.9,6115.6,242.784,6493,679,407
162,351.1,5849.2,242.496,6202.5,679,407
163,291.1,6142.6,242.624,6435.8,679,407
164,410.4,6045.1,242.72,6457.6,679,407
165,294.3,6066.3,242.944,6362,679,407
166,373.9,6105.7,243.68,6481.7,679,407
167,256.7,6255.9,243.2,6514.5,679,407
168,375.4,5993.2,243.072,6370.3,679,407
169,382.6,5994.8,242.88,6378.9,679,407
170,388.5,6089.5,242.848,6479.4,679,407
171,369.3,6006.2,243.168,6376.9,679,407
172,349.7,5919.1,242.56,6270.3,679,407
173,348.1,5964,242.336,6313.8,679,407
174,337.2,6114.7,242.72,6453.4,679,407
175,295.2,6023.4,243.552,6320,679,407
176,379.3,6119.1,242.688,6499.7,679,407
177,545.4,6088.7,242.048,6635.4,679,407
178,320.3,5819.5,242.496,6141.2,679,407
179,285.9,6209,243.36,6496.3,679,407
180,388.5,6094.7,242.816,6484.6,679,407
181,284.9,6014.6,242.976,6300.8,679,407
182,333.8,5917.9,242.816,6253.3,679,407
183,378,6171.6,242.72,6551,679,407
184,376.8,5949.9,243.168,6328.5,679,407
185,362.3,5942.3,242.432,6306.6,679,407
186,370.3,5988.9,242.4,6361,679,407
187,423.5,5904.5,243.04,6330.3,679,407
188,362.5,6024.3,243.392,6388.4,679,407
189,372.1,5947.3,242.496,6321.3,679,407
190,361.8,6002.6,242.592,6365.8,679,407
191,443.9,5912.5,242.432,6357.7,679,407
192,295.7,6074.8,242.784,6372.4,679,407
193,560.1,6040.7,242.72,6602.2,679,407
194,321.1,5919.7,242.72,6242.4,679,407
195,341.8,5812.1,243.584,6155.3,679,407
196,394.3,6003,242.912,6398.9,679,407
197,341.9,6125.4,242.624,6468.9,679,407
198,518.8,5703.5,242.528,6223.9,679,407
199,373.2,6029.5,243.232,6405,679,407

cpu_record_us_summary,avg,min,max,p1,p99,stddev
cpu_record,379.087,252.4,713.8,253.4,560.1,68.7966

cpu_wait_us_summary,avg,min,max,p1,p99,stddev
cpu_wait,5993.23,5549.3,6364.2,5579.4,6246.9,131.425

gpu_exec_us_summary,avg,min,max,p1,p99,stddev
gpu_exec,242.89,241.792,244.128,241.888,243.968,0.440081

frame_wall_us_summary,avg,min,max,p1,p99,stddev
frame_wall,6374.26,6005.7,6794.8,6009.1,6738.9,131.936
